@trnrtips The store keeps crashing with an SQL error.....,823612869967224832,0,,,,0,"<a href=""http://twitter.com/download/android"" rel=""nofollow"">Twitter for Android</a>",Xexyz2,Matthew
Vacature: SQL Developer Rosmalen SQL https://t.co/vexZyOC3p9 #den bosch #vacature #banen,823612662231666688,0,,,,0,"<a href=""https://dlvrit.com/"" rel=""nofollow"">dlvr.it</a>",gratisvacatures,gratisvacatures
C#/SQL Developer - Global Charity Â¦ Middlesex https://t.co/pr2bfSzNSC https://t.co/06udpMCW3f,823612603071139840,0,,,,0,"<a href=""http://www.facebook.com/twitter"" rel=""nofollow"">Facebook</a>",redolphin,Redolphin Jobs
C#/SQL Developer - Global Charity Â¦ Middlesex https://t.co/4TVyZ0wUue,823612570691059712,0,,,,0,"<a href=""http://www.hootsuite.com"" rel=""nofollow"">Hootsuite</a>",Redolphinjobs,Redolphinjobs
PRPASS Meeting - Azure SQL DW Loading Strategies and Xamarin.Forms - https://t.co/dmqomXrqD8,823612565930512384,0,,,,0,"<a href=""http://www.mailchimp.com"" rel=""nofollow"">MailChimp</a>",PRPASS,Puerto Rico PASS
Microsoft's Linux love-in continues with SUSE support in SQL Server â€¢ The Register https://t.co/Qx65EuSaLX,823612551657361409,0,,,,0,"<a href=""http://www.hootsuite.com"" rel=""nofollow"">Hootsuite</a>",peter_mount,Peter Mount
"RT @AxxessDSL: Get our Windows Web Hosting packages which are perfect for Microsoft SQL and .NET web application development.

https://t.coâ€¦",823612538822725633,0,Get our Windows Web Hosting packages which are perfect for Microsoft SQL and .NET web application development.â€¦ https://t.co/YjPfykIbnc,AxxessDSL,AXXESS,1,"<a href=""http://twitter.com/download/iphone"" rel=""nofollow"">Twitter for iPhone</a>",FrancoBarbalich,Franco Barbalich
#Hiring for Oracle DBA #FinanceJobs #sql #standby #ebs #asm #rac #tuning #scripting #np #career | Apply Now https://t.co/o656vSJq4o,823612496590368768,0,,,,0,"<a href=""http://www.headhonchos.com"" rel=""nofollow"">hh_finance_jobs</a>",hh_finance_jobs,Finance Jobs | HH
RT @KhaosERP: #Hosting your @KhaosERP the right way? Our #blog on why you canâ€™t cut corners on #SQLServer https://t.co/qHHQGicQ8x https://tâ€¦,823612482195509248,0,#Hosting your @KhaosERP the right way? Our #blog on why you canâ€™t cut corners on #SQLServer https://t.co/qHHQGicQ8x https://t.co/1OFBwevbPi,KhaosERP,Khaos Control ERP,1,"<a href=""http://twitter.com/download/android"" rel=""nofollow"">Twitter for Android</a>",AndyRichley,Andrew Richley
"RT @stevelord: It's not SQL Injection, it's an alternative query #alternativefact",823612403149586432,0,"It's not SQL Injection, it's an alternative query #alternativefact",stevelord,ÏŸÑ‚â„®â™¥Îµ á¸ºâ˜ºÒ‘á¸“,14,"<a href=""http://twitter.com/download/iphone"" rel=""nofollow"">Twitter for iPhone</a>",devin_cassidy,Devin Cassidy
"Want to work at Hobsons? We're #hiring in #Arlington, VA! Click for details: https://t.co/hGPzBmGCFw #Job #PHP #SQLâ€¦ https://t.co/Q9SLzkIZ5E",823612321259868160,0,,,,0,"<a href=""http://tweetmyjobs.com"" rel=""nofollow"">SafeTweet by TweetMyJOBS</a>",HobsonsJobs,Jobs at Hobsons
CVE-2017-5569 https://t.co/9MAiNOF0ic An issue was discovered in eClinicalWorks Patient Portal 7.0 build 13. This is a blind SQL injectionâ€¦,823612165361991681,0,,,,0,"<a href=""http://ifttt.com"" rel=""nofollow"">IFTTT</a>",pikisec,pikisec
CVE-2017-5570 https://t.co/EVFba4z8pM An issue was discovered in eClinicalWorks Patient Portal 7.0 build 13. This is a blind SQL injectionâ€¦,823612163784839169,0,,,,0,"<a href=""http://ifttt.com"" rel=""nofollow"">IFTTT</a>",pikisec,pikisec
#Hiring for Pega Developer #FinanceJobs #db2 #bpm #sql #ejb #integration #enterprise #soap #career | Apply Now https://t.co/E1bC3x7Sbx,823612123746070529,0,,,,0,"<a href=""http://www.headhonchos.com"" rel=""nofollow"">hh_finance_jobs</a>",hh_finance_jobs,Finance Jobs | HH
"RT @StrateSQL: Reading: https://t.co/ZjgVMpQmSs ""SQL Server on Google Cloud Platform"" #sqlserver",823612028334047232,0,"Reading: https://t.co/ZjgVMpQmSs ""SQL Server on Google Cloud Platform"" #sqlserver",StrateSQL,Jason Strate,1,"<a href=""http://twitter.com"" rel=""nofollow"">Twitter Web Client</a>",BenGalluzzo,Ben Galluzzo
"RT @stevelord: It's not SQL Injection, it's an alternative query #alternativefact",823611936709480448,0,"It's not SQL Injection, it's an alternative query #alternativefact",stevelord,ÏŸÑ‚â„®â™¥Îµ á¸ºâ˜ºÒ‘á¸“,14,"<a href=""http://twitter.com"" rel=""nofollow"">Twitter Web Client</a>",apiary,SCG
Can you recommend anyone for this #job in MN? https://t.co/eLlRoNSoQI #IT #Hiring,823611696165945344,0,,,,0,"<a href=""http://www.tweetmyjobs.com"" rel=""nofollow"">TweetMyJOBS</a>",ScantronCareers,Scantron Jobs
Sql popping is la sanguine expectation interest which is confront with mutual regard asp other Ğ¡ĞºÑ€ĞµÑ‚Ñ‡: nQabvpE https://t.co/8Vgnqf6Vh7,823611655204409344,0,,,,0,"<a href=""https://dlvrit.com/"" rel=""nofollow"">dlvr.it</a>",Josephi86076192,JosephineWilliam
@fleurdeyeux en fait j'ai plutot besoin de qqun qui s'y connaisse bien en php/pdo/sql,823611645511499777,0,,,,0,"<a href=""http://twitter.com"" rel=""nofollow"">Twitter Web Client</a>",kek_zanorg,kek
@getmimo @triplejberger haha. Itâ€™s fine I was adjust being a pedantic SQL developer ğŸ˜‚,823611493165862912,0,,,,0,"<a href=""http://tapbots.com/tweetbot"" rel=""nofollow"">Tweetbot for iÎŸS</a>",ozziepeeps,Mark Osborn
@JBro63pt9 yeah but when you finally figure out how to use SQL you'll get a megaboner,823611463600369664,0,,,,0,"<a href=""http://twitter.com/download/android"" rel=""nofollow"">Twitter for Android</a>",elliottinnit,Feliz Navidead.
"PHP Developer / Javascript / JQuery / MS SQL / SQL Developer / HTML5 Preston, Lancashire https://t.co/u9ucWZPrj9 #Javascript #jobs",823611453236269057,0,,,,0,"<a href=""http://programming.jobfeeds.info"" rel=""nofollow"">twitter feeds for p.jf</a>",coding_jobfeeds,programming.jobfeeds
"PHP Developer / Javascript / JQuery / MS SQL / SQL Developer / HTML5 Preston, Hertfordshire https://t.co/mcwImvrt5w #Javascript #jobs",823611407224733697,0,,,,0,"<a href=""http://programming.jobfeeds.info"" rel=""nofollow"">twitter feeds for p.jf</a>",coding_jobfeeds,programming.jobfeeds
Associate Product Advocate @Atlassian Amsterdam https://t.co/tRwJMnAPQ4 #Agile #projectmanagement #SQL,823611364006658049,0,,,,0,"<a href=""http://www.hootsuite.com"" rel=""nofollow"">Hootsuite</a>",Amsterdam_TJobs,AmsterdamTechJobs
"*checks calendar* yeah, it's 2017, and this is still a problem. Please learn how to use prepared statements properlâ€¦ https://t.co/1E5txH8CTi",823611169948700675,823610045447438337,,,,0,"<a href=""http://twitter.com/download/iphone"" rel=""nofollow"">Twitter for iPhone</a>",da5ch0,oÉ¥É”sÉp
RT @RubyInside: ActiveRecord SQL Server Adaptor Now Supports Rails 5: https://t.co/v0HXIrtXeK,823611167247572994,0,ActiveRecord SQL Server Adaptor Now Supports Rails 5: https://t.co/v0HXIrtXeK,RubyInside,Ruby Inside,7,"<a href=""http://twitter.com/download/android"" rel=""nofollow"">Twitter for Android</a>",MarcGrimme,Marc Grimme
SQL Server named DBMS of the Year by DB-Engines https://t.co/xMlOFIe5Lp via @Inoreader,823611122133573632,0,,,,0,"<a href=""http://twitter.com"" rel=""nofollow"">Twitter Web Client</a>",iWyvern,Larry
"RT @stevelord: It's not SQL Injection, it's an alternative query #alternativefact",823611011626307588,0,"It's not SQL Injection, it's an alternative query #alternativefact",stevelord,ÏŸÑ‚â„®â™¥Îµ á¸ºâ˜ºÒ‘á¸“,14,"<a href=""http://twitter.com/download/android"" rel=""nofollow"">Twitter for Android</a>",sashajwolf,Sass
ã€Oracleã€‘PL/SQLã¯ã‚ªãƒ©ã‚¯ãƒ«ç‹¬è‡ªã®ãƒ—ãƒ­ã‚°ãƒ©ãƒŸãƒ³ã‚°è¨€èªã€‚,823610986414256128,0,,,,0,"<a href=""http://rakubots.kissa.jp/"" rel=""nofollow"">rakubo2</a>",lupus_dingo,C. lupus dingo
#Hiring for Analyst - Enterprise &amp; Data Integration #FinanceJobs #sql #scripting #linux #career | Apply Now https://t.co/6nRnYRbx8m,823610933943631873,0,,,,0,"<a href=""http://www.headhonchos.com"" rel=""nofollow"">hh_finance_jobs</a>",hh_finance_jobs,Finance Jobs | HH
"Reading: https://t.co/ZjgVMpQmSs ""SQL Server on Google Cloud Platform"" #sqlserver",823610507508719622,0,,,,1,"<a href=""http://bufferapp.com"" rel=""nofollow"">Buffer</a>",StrateSQL,Jason Strate
"RT @stevelord: It's not SQL Injection, it's an alternative query #alternativefact",823610351057039360,0,"It's not SQL Injection, it's an alternative query #alternativefact",stevelord,ÏŸÑ‚â„®â™¥Îµ á¸ºâ˜ºÒ‘á¸“,14,"<a href=""http://tapbots.com/tweetbot"" rel=""nofollow"">Tweetbot for iÎŸS</a>",7u771e,chris
"Bridget &amp; I talk about how to maximize opportunities and deals from #MQLs &amp; #SQL's.

---&gt; https://t.co/NwCLtQ7ICC https://t.co/a4ByrJTPlB",823610253921107968,0,,,,0,"<a href=""http://sproutsocial.com"" rel=""nofollow"">Sprout Social</a>",ZeroTimeSelling,Andy Paul
"RT @stevelord: It's not SQL Injection, it's an alternative query #alternativefact",823610193330262017,0,"It's not SQL Injection, it's an alternative query #alternativefact",stevelord,ÏŸÑ‚â„®â™¥Îµ á¸ºâ˜ºÒ‘á¸“,14,"<a href=""http://twitter.com/download/iphone"" rel=""nofollow"">Twitter for iPhone</a>",GoldbergLawDC,Richard Goldberg Esq
SQL #server â€“ Identify Queries with multiple query plans  https://t.co/qwOSLAX8g8 https://t.co/ohRyTZrnNR,823610090502623232,0,,,,0,"<a href=""http://www.diametricsolutions.com"" rel=""nofollow"">DiametricSolutions</a>",DiametricSol,Diametric Solutions
SQL Server 2016: JSON integration - SQLServerCentral https://t.co/aL0nsfgzEQ #sql #server,823610081946324992,0,,,,0,"<a href=""http://www.dub.io"" rel=""nofollow"">Dub.io</a>",dataloco,dataloco
RT @EverythingMS: SQL Server named DBMS of the Year by DB-Engines https://t.co/fndquQUfQR https://t.co/N45a4UXf6c,823610046290329600,0,SQL Server named DBMS of the Year by DB-Engines https://t.co/fndquQUfQR https://t.co/N45a4UXf6c,EverythingMS,Everything Microsoft,1,"<a href=""http://twitter.com/download/iphone"" rel=""nofollow"">Twitter for iPhone</a>",wsalazar,William H. Salazar
SQL injections are among the most common vulnerabilities and are a main culprit in data breaches. [INFOGRAPHIC] https://t.co/VX1uT7hLn5,823610045447438337,0,,,,0,"<a href=""http://bufferapp.com"" rel=""nofollow"">Buffer</a>",Veracode,Veracode
#Hiring for SAS VA Developer #FinanceJobs #datawarehousing #dba #recruiter #sql #career | Apply Now https://t.co/kc004jgrLv,823610018385854464,0,,,,0,"<a href=""http://www.headhonchos.com"" rel=""nofollow"">hh_finance_jobs</a>",hh_finance_jobs,Finance Jobs | HH
RT @lesjoiesducode: Quand le stagiaire lance avec succÃ¨s une vieille requÃªte SQL qui n'est pas censÃ©e marcher https://t.co/hlYwwQFLir #lesjâ€¦,823609911187767296,0,Quand le stagiaire lance avec succÃ¨s une vieille requÃªte SQL qui n'est pas censÃ©e marcher https://t.co/hlYwwQFLirâ€¦ https://t.co/YQXGsxHnlc,lesjoiesducode,Les joies du code ğŸ’»,11,"<a href=""http://twitter.com/#!/download/ipad"" rel=""nofollow"">Twitter for iPad</a>",LaMitmit,Sarah
"RT @rimmanehme: If you are building #IoT, #SocialNetworking, #gaming, #Bots and low-latency #AI apps, go with #Azure #NoSQL
https://t.co/Q4â€¦",823609754044039168,0,"If you are building #IoT, #SocialNetworking, #gaming, #Bots and low-latency #AI apps, go with #Azure #NoSQLâ€¦ https://t.co/tHsrlPVZp4",rimmanehme,rimma nehme,1,"<a href=""http://test.azurewebsites.net"" rel=""nofollow"">Twitter Assistant Bot 2</a>",mannitan,Bots
RT @PLSSUG: Data Analysis with R â€“ darmowy ebook od @PacktPub do pÃ³Å‚nocy! #Data @analysis #R https://t.co/GWCqm6yx2W,823609614054883329,0,Data Analysis with R â€“ darmowy ebook od @PacktPub do pÃ³Å‚nocy! #Data @analysis #R https://t.co/GWCqm6yx2W,PLSSUG,PLSSUG,4,"<a href=""http://twitter.com"" rel=""nofollow"">Twitter Web Client</a>",Adrian_SQL,Adrian Chodkowski
"If you are building #IoT, #SocialNetworking, #gaming, #Bots and low-latency #AI apps, go with #Azure #NoSQLâ€¦ https://t.co/tHsrlPVZp4",823609556756369410,0,,,,1,"<a href=""http://twitter.com"" rel=""nofollow"">Twitter Web Client</a>",rimmanehme,rimma nehme
ĞšĞ°ĞºÑƒÑ Ğ²ĞµÑ€ÑĞ¸Ñ Ğ±Ğ°Ğ·Ñ‹ SQL Ğ¸ÑĞ¿Ğ¾Ğ»ÑŒĞ·Ğ¾Ğ²Ğ°Ñ‚ÑŒ?,823609455845720065,0,,,,0,"<a href=""http://twitter.com"" rel=""nofollow"">Twitter Web Client</a>",jfenriss,Ğ“Ğ¸ĞºĞ¾Ğ½Ñ ĞÑ€Ñ‚ĞµĞ¼
"ç¬¬ï¼”å›ï¼š[SQL] çµåˆ

https://t.co/Qpf53lksyB",823609390053937153,0,,,,0,"<a href=""http://ifttt.com"" rel=""nofollow"">IFTTT</a>",jpmino_feed,ã¿ã®ãµãƒãƒ¼ã©
"If you're looking for work in #Columbia, SC, check out this #job: https://t.co/SZYgvvI5fS #RHFAJobs #Finance #Hiring",823609378884329472,0,,,,0,"<a href=""http://www.tweetmyjobs.com"" rel=""nofollow"">TweetMyJOBS</a>",RHFAJobs,RH Finance Jobs
"#SQL Server Express is not installed on your system
#Tech #News #HowTo
https://t.co/A8p0Gnrvlf",823609335586627587,0,,,,0,"<a href=""http://ifttt.com"" rel=""nofollow"">IFTTT</a>",AdamSmitht1,Daily Tech Issues
SQL Server query; last record for each ID https://t.co/wPILghlmNh,823609290573414400,0,,,,0,"<a href=""http://example.com"" rel=""nofollow"">SO Top questions</a>",overflowedbot,StackOverflowğŸ”¥HOTğŸ”¥
"RT @stevelord: It's not SQL Injection, it's an alternative query #alternativefact",823609208302170113,0,"It's not SQL Injection, it's an alternative query #alternativefact",stevelord,ÏŸÑ‚â„®â™¥Îµ á¸ºâ˜ºÒ‘á¸“,14,"<a href=""http://www.metrotwit.com/"" rel=""nofollow"">MetroTwit</a>",chriseng,Chris Eng
"It's been a long day, often involving SQL Server. I'm off to the gym...",823609118292398083,0,,,,0,"<a href=""http://twitter.com"" rel=""nofollow"">Twitter Web Client</a>",oraclebase,Tim Hall
SQL Server named DBMS of the Year by DB-Engines https://t.co/fndquQUfQR https://t.co/N45a4UXf6c,823608771587035137,0,,,,1,"<a href=""http://everythingms.com"" rel=""nofollow"">MSFT NBTH</a>",EverythingMS,Everything Microsoft
"Microsoft's #Linux love-in continues with SUSE support in SQL Server
https://t.co/sMgiWqp9gs",823608617274372098,0,,,,0,"<a href=""http://twitter.com"" rel=""nofollow"">Twitter Web Client</a>",Xero0042,Xero
"SQL Integration Developer - Toronto: Mi9 Retail (Toronto ON): ""Mi9 Retail, the premier provider of enterpriseâ€¦ https://t.co/BQDRbvzMbe",823608581647831040,0,,,,0,"<a href=""https://dlvrit.com/"" rel=""nofollow"">dlvr.it</a>",Oshawa__Jobs,Oshawa Jobs
"SQL Integration Developer - Montreal: Mi9 Retail (MontrÃ©al QC): ""software, empowers the world's most successfulâ€¦ https://t.co/U81o7baQom",823608536873648128,0,,,,0,"<a href=""https://dlvrit.com/"" rel=""nofollow"">dlvr.it</a>",Software___jobs,Software Jobs Canada
"SQL Integration Developer - Toronto: Mi9 Retail (Toronto ON): ""software, empowers the world's most successfulâ€¦ https://t.co/ImFCjMRZwK",823608518263459840,0,,,,0,"<a href=""https://dlvrit.com/"" rel=""nofollow"">dlvr.it</a>",Software___jobs,Software Jobs Canada
Curso de CapacitaciÃ³n Aplicaciones con SQL SERVER - Nivel Avanzado https://t.co/8KzeTAOUCx,823608517777125376,0,,,,0,"<a href=""http://twitter.com"" rel=""nofollow"">Twitter Web Client</a>",cap_segic,segic usach
SQL #Server/Oracle - Database #Admi... (#ZeelandMichiganUnitedStates) at #HermanMiller #job https://t.co/Q0FuW7lzpe https://t.co/3UIaO5i0xQ,823608513977085953,0,,,,0,"<a href=""http://workfor.us/jobboard"" rel=""nofollow"">Work For Us</a>",savidvr,Vanessa Davis
"New #job: .Net Developer - https://t.co/WdAPc8q9Uy / C# / MVC / SQL Server / JavaScript,Northampton .. https://t.co/Zo92QgQOZe #makeITeasy",823608329406713856,0,,,,0,"<a href=""http://www.broadbean.com"" rel=""nofollow"">Adcourier</a>",JobsLiveUK,UK Jobs in IT
"RT @ThalesCursos: Â¿QuÃ© lenguaje de programaciÃ³n aprender? 
    https://t.co/9abMlVYBbS
Cursos de 
#Java, 
#Python, 
#Scrach,
#R,
#SQL,
#Geoâ€¦",823608266949271557,0,"Â¿QuÃ© lenguaje de programaciÃ³n aprender? 
    https://t.co/9abMlVYBbS
Cursos de 
#Java, 
#Python, 
#Scrach,
#R,
#SQLâ€¦ https://t.co/iD0s6JPty0",ThalesCursos,Cursos Thales Cica,2,"<a href=""http://twitter.com"" rel=""nofollow"">Twitter Web Client</a>",SEMCV,SEMCV
"See our latest #Boston, MA #job and click to apply: Senior Software Engineer Developer - PL/SQL - https://t.co/CJVmRzrCiw #IT #Hiring",823608218613989376,0,,,,0,"<a href=""http://www.tweetmyjobs.com"" rel=""nofollow"">TweetMyJOBS</a>",tmj_bos_it,Boston IT Jobs
SQL Server named DBMS of the Year by DB-Engines: https://t.co/tjFxbVb6sY,823608058844745728,0,,,,0,"<a href=""http://ifttt.com"" rel=""nofollow"">IFTTT</a>",arjunbahree,Arjun Bahree
Web Notes - How to Import Data from Microsoft Excel to Windows Azure ... - Bing video https://t.co/ZLspT1pAPr https://t.co/EP4iSS9In9,823608054885322753,0,,,,0,"<a href=""http://www.tweetiumapp.com"" rel=""nofollow"">Tweetium for Windows</a>",1800TheNerd,1-800-The-Nerd
needs a solid #Engineer w/ strong #ActiveDirectory #SharePoint #Citrix #SQL #Windows and VMware - FT job - #NYC - 120K,823608009855221764,0,,,,0,"<a href=""http://www.linkedin.com/"" rel=""nofollow"">LinkedIn</a>",CMooreHere,Cornelius Moore
Web Notes - How to Import Data from Microsoft Excel to Windows Azure ... - Bing video https://t.co/zjGl0MgIFr https://t.co/mhF3V635hY,823608009435783169,0,,,,0,"<a href=""http://www.tweetiumapp.com"" rel=""nofollow"">Tweetium for Windows</a>",MetroGenesis,MetroGenesis
Web Notes - How to Import Data from Microsoft Excel to Windows Azure ... - Bing video https://t.co/lumyBamspi https://t.co/bSRRa2Fcux,823607966385524737,0,,,,0,"<a href=""http://www.tweetiumapp.com"" rel=""nofollow"">Tweetium for Windows</a>",StevenKJames,Steven K James
Microsoft SQL Server help your business with predictive analytics https://t.co/w6fchK4FiY,823607830506770436,0,,,,0,"<a href=""http://www.hubspot.com/"" rel=""nofollow"">HubSpot</a>",WeRUncommon,WeRUncommon
"SQL Server named DBMS of the Year by DB-Engines https://t.co/9TtruJxr4X January 23, 2017 at 12:03PM",823607639766614017,0,,,,0,"<a href=""http://ifttt.com"" rel=""nofollow"">IFTTT</a>",cloudgeario,cloudgear.io
"SQL Server named DBMS of the Year by DB-Engines
https://t.co/h15N8GQovw",823607550239240193,0,,,,0,"<a href=""http://twitter.com/download/android"" rel=""nofollow"">Twitter for Android</a>",Unal_Er,Unal Erbayraktar
"RT @DaveLeininger: Oracle, SQL Server, MySQL, MongoDB, HBase are well known. Did you know that there are over 300 (!) database engines? httâ€¦",823607538079952896,0,"Oracle, SQL Server, MySQL, MongoDB, HBase are well known. Did you know that there are over 300 (!) database engines? https://t.co/r5fY5drUHp",DaveLeininger,Dave Leininger,2,"<a href=""http://twitter.com/download/android"" rel=""nofollow"">Twitter for Android</a>",YVES_49,Yves MARY YMCN
RT @SQLServer: Don't miss out on the opportunity to ask questions to the team &amp; learn about the power of #SQLServer 2016. Register: https:/â€¦,823607452725903360,0,Don't miss out on the opportunity to ask questions to the team &amp; learn about the power of #SQLServer 2016. Registerâ€¦ https://t.co/caQgSJlR95,SQLServer,Microsoft SQL Server,6,"<a href=""http://twitter.com"" rel=""nofollow"">Twitter Web Client</a>",fdelasie,FermÃ­n de la Sierra
Successfully integrated SFDC and a SQL database using Jitterbit Cloud Dataloader! #smallwins Nice option for clientâ€¦ https://t.co/7eIWZGTRx3,823607444588924928,0,,,,0,"<a href=""http://twitter.com"" rel=""nofollow"">Twitter Web Client</a>",dkpim,Dierdre â˜ï¸
#empleo DBA Oracle https://t.co/PsHlMuEe9g,823607440717578240,0,,,,0,"<a href=""http://www.botize.com"" rel=""nofollow"">Botize</a>",EmpleoOfertas,Ofertas de Empleo
Curso de CapacitaciÃ³n de Aplicaciones con SQL SERVER - Nivel Intermedio  https://t.co/U66tK9xBcy,823607373738704898,0,,,,0,"<a href=""http://twitter.com"" rel=""nofollow"">Twitter Web Client</a>",cap_segic,segic usach
"RT @hatershatesAREA: ê·¸ì™¸ í”„ë¡œê·¸ë¨ ì‚¬ìš©ì‹œ, Color Oracleì„ ì´ìš©í•˜ëŠ” ë°©ë²•. í™”ë©´ ìì²´ë¥¼ Color Blindë¡œ ë°”ê¿”ì¤ë‹ˆë‹¤. Window/Mac ëª¨ë‘ ì§€ì›. 3ê°€ì§€ Color Blind ëª¨ë‘ ë³¼ ìˆ˜ ìˆìœ¼ë©°, Short Cutâ€¦",823607351772987392,0,"ê·¸ì™¸ í”„ë¡œê·¸ë¨ ì‚¬ìš©ì‹œ, Color Oracleì„ ì´ìš©í•˜ëŠ” ë°©ë²•. í™”ë©´ ìì²´ë¥¼ Color Blindë¡œ ë°”ê¿”ì¤ë‹ˆë‹¤. Window/Mac ëª¨ë‘ ì§€ì›. 3ê°€ì§€ Color Blind ëª¨ë‘ ë³¼ ìˆ˜ ìˆìœ¼ë©°, Shortâ€¦ https://t.co/2SoX1veDnL",hatershatesAREA,ì—ë¦¬ì–´,10,"<a href=""http://twitter.com/download/android"" rel=""nofollow"">Twitter for Android</a>",your_sql,nyan
"RT @hatershatesAREA: í¬í† ìƒµì˜ ê²½ìš°, í¬í† ìƒµ ì•ˆì—ì„œ Color Blind Viewë¥¼ í•  ìˆ˜ ìˆìŠµë‹ˆë‹¤. ì‚¬ì§„ ìˆœì„œëŒ€ë¡œ Original View -  Protanopia View - Deuteranopia View https://t.coâ€¦",823607335633289216,0,"í¬í† ìƒµì˜ ê²½ìš°, í¬í† ìƒµ ì•ˆì—ì„œ Color Blind Viewë¥¼ í•  ìˆ˜ ìˆìŠµë‹ˆë‹¤. ì‚¬ì§„ ìˆœì„œëŒ€ë¡œ Original View -  Protanopia View - Deuteranopia View https://t.co/XA0MKONZ9m",hatershatesAREA,ì—ë¦¬ì–´,28,"<a href=""http://twitter.com/download/android"" rel=""nofollow"">Twitter for Android</a>",your_sql,nyan
"RT @hatershatesAREA: 2) ëª¨ë…¸í¬ë¡¬ìœ¼ë¡œ í™•ì¸í•˜ê¸°. ìì‹ ì˜ ë””ìì¸ ì‘ì—…ë¬¼ì„ í‘ë°±ìœ¼ë¡œ í™•ì¸í•˜ë©´, ìì‹ ì´ ì–´ë–¤ ìƒ‰ìƒë“¤ì„ ì œëŒ€ë¡œ êµ¬ë¶„ì‹œí‚¤ì§€ ì•Šì•˜ë‚˜ ì•Œ ìˆ˜ ìˆë‹¤. ì•„ì´í°ì¼ ê²½ìš° ì„¸íŒ…ì—ì„œ í™”ë©´ì„ Grayscaleë¡œ ë°”ê¿€ ìˆ˜ ìˆìœ¼ë‹ˆ,ì‰½ê²Œ í™•ì¸ì´â€¦",823607313726476289,0,"2) ëª¨ë…¸í¬ë¡¬ìœ¼ë¡œ í™•ì¸í•˜ê¸°. ìì‹ ì˜ ë””ìì¸ ì‘ì—…ë¬¼ì„ í‘ë°±ìœ¼ë¡œ í™•ì¸í•˜ë©´, ìì‹ ì´ ì–´ë–¤ ìƒ‰ìƒë“¤ì„ ì œëŒ€ë¡œ êµ¬ë¶„ì‹œí‚¤ì§€ ì•Šì•˜ë‚˜ ì•Œ ìˆ˜ ìˆë‹¤. ì•„ì´í°ì¼ ê²½ìš° ì„¸íŒ…ì—ì„œ í™”ë©´ì„ Grayscaleë¡œ ë°”ê¿€ ìˆ˜ ìˆìœ¼ë‹ˆ,ì‰½ê²Œ í™•ì¸ì´ ê°€ëŠ¥í•˜ë‹¤.",hatershatesAREA,ì—ë¦¬ì–´,25,"<a href=""http://twitter.com/download/android"" rel=""nofollow"">Twitter for Android</a>",your_sql,nyan
"RT @hatershatesAREA: ìì‹ ì´ í•œ ë””ìì¸ì´ Color Blind ì‹¤ìˆ˜ë¥¼ í•˜ì§€ ì•Šê³  ì‹¶ì€ ê²½ìš°, 
1) Sim Daltomism ì´ìš©í•˜ê¸°. ì´ ì•±ì„ ì´ìš©í•˜ë©´ Color Blindëœ ëª¨ìŠµì„ ë¯¸ë¦¬ ë³¼ ìˆ˜ ìˆë‹¤. í˜„ì¬ iosì•±ê³¼ Macì•± ì œê³µâ€¦",823607301986582533,0,"ìì‹ ì´ í•œ ë””ìì¸ì´ Color Blind ì‹¤ìˆ˜ë¥¼ í•˜ì§€ ì•Šê³  ì‹¶ì€ ê²½ìš°, 
1) Sim Daltomism ì´ìš©í•˜ê¸°. ì´ ì•±ì„ ì´ìš©í•˜ë©´ Color Blindëœ ëª¨ìŠµì„ ë¯¸ë¦¬ ë³¼ ìˆ˜ ìˆë‹¤. í˜„ì¬ iosì•±ê³¼ Macì•±â€¦ https://t.co/Qaed9VWc62",hatershatesAREA,ì—ë¦¬ì–´,85,"<a href=""http://twitter.com/download/android"" rel=""nofollow"">Twitter for Android</a>",your_sql,nyan
"RT @hatershatesAREA: ì•„ë˜ ê·¸ë¦¼ì€, Color Blindnessì¼ ê²½ìš° ë³´ì´ì§€ ì•ŠëŠ” ìƒ‰ìƒì— ëŒ€í•´ì„œ ì´ì•¼ê¸°í•˜ê³  ìˆë‹¤. ì™¼ìª½ì€ ê¸°ë³¸ ë¬´ì§€ê°œìƒ‰ì´ê³  ì˜¤ë¥¸ìª½ì´ ìˆœì„œëŒ€ë¡œ ì œ1ìƒ‰ê°/ì œ2ìƒ‰ê°/ì œ3ìƒ‰ê°ì´ìƒì„ ê°€ì§„ ì‚¬ëŒì´ ë³¸ ë¬´ì§€ê°œìƒ‰ì´ë‹¤. https:â€¦",823607295166644224,0,"ì•„ë˜ ê·¸ë¦¼ì€, Color Blindnessì¼ ê²½ìš° ë³´ì´ì§€ ì•ŠëŠ” ìƒ‰ìƒì— ëŒ€í•´ì„œ ì´ì•¼ê¸°í•˜ê³  ìˆë‹¤. ì™¼ìª½ì€ ê¸°ë³¸ ë¬´ì§€ê°œìƒ‰ì´ê³  ì˜¤ë¥¸ìª½ì´ ìˆœì„œëŒ€ë¡œ ì œ1ìƒ‰ê°/ì œ2ìƒ‰ê°/ì œ3ìƒ‰ê°ì´ìƒì„ ê°€ì§„ ì‚¬ëŒì´ ë³¸ ë¬´ì§€ê°œìƒ‰ì´ë‹¤. https://t.co/vuRYM3vBYo",hatershatesAREA,ì—ë¦¬ì–´,77,"<a href=""http://twitter.com/download/android"" rel=""nofollow"">Twitter for Android</a>",your_sql,nyan
RT @hatershatesAREA: **5) ìƒ‰ì•½/ìƒ‰ë§¹ì—ê²Œ ì¢‹ì§€ ì•Šì€ ì»¬ëŸ¬ ì½¤ë¹„ë„¤ì´ì…˜ Green&amp;Red / Green&amp;Brown / Blue&amp;Purple / Green&amp;Blue / Light Green&amp;Yellow / Blue&amp;Grey / Greeâ€¦,823607284357963777,0,**5) ìƒ‰ì•½/ìƒ‰ë§¹ì—ê²Œ ì¢‹ì§€ ì•Šì€ ì»¬ëŸ¬ ì½¤ë¹„ë„¤ì´ì…˜ Green&amp;Red / Green&amp;Brown / Blue&amp;Purple / Green&amp;Blue / Light Green&amp;Yellow / Blue&amp;Grey / Green&amp;Grey / Green&amp;Black,hatershatesAREA,ì—ë¦¬ì–´,43,"<a href=""http://twitter.com/download/android"" rel=""nofollow"">Twitter for Android</a>",your_sql,nyan
RT @SQLChicken: #SSIS Scale Out is available in #SQLServer vNext CTP1 https://t.co/FbXwxeFN7f #msdev #msbi,823607281019453441,0,#SSIS Scale Out is available in #SQLServer vNext CTP1 https://t.co/FbXwxeFN7f #msdev #msbi,SQLChicken,Jorge Segarra,4,"<a href=""http://twitter.com/download/iphone"" rel=""nofollow"">Twitter for iPhone</a>",Mariano_Kovo,Mariano Kovo
RT @hatershatesAREA: 4) í‘ê³¼ ë°±ë§Œì´ ì½˜íŠ¸ë¼ìŠ¤íŠ¸ì˜ ì „ë¶€ê°€ ì•„ë‹ˆë‹¤. ì»¬ëŸ¬ì™€ íœ´ì—ì„œë„ ì½˜íŠ¸ë¼ìŠ¤íŠ¸ëŠ” ë¶„ëª…í•´ì•¼ í•œë‹¤. ê°™ì€ ì»¬ëŸ¬ ìŠ¤í‚´ì•ˆì—ì„œê°€ ì•„ë‹Œ ë‹¤ë¥¸ íœ´ë¥¼ ì‚¬ìš©í•˜ëŠ” ì‹ì˜ ì½˜íŠ¸ë¼ìŠ¤íŠ¸ ë°©ë²•ì„ ì°¾ì.,823607277517094912,0,4) í‘ê³¼ ë°±ë§Œì´ ì½˜íŠ¸ë¼ìŠ¤íŠ¸ì˜ ì „ë¶€ê°€ ì•„ë‹ˆë‹¤. ì»¬ëŸ¬ì™€ íœ´ì—ì„œë„ ì½˜íŠ¸ë¼ìŠ¤íŠ¸ëŠ” ë¶„ëª…í•´ì•¼ í•œë‹¤. ê°™ì€ ì»¬ëŸ¬ ìŠ¤í‚´ì•ˆì—ì„œê°€ ì•„ë‹Œ ë‹¤ë¥¸ íœ´ë¥¼ ì‚¬ìš©í•˜ëŠ” ì‹ì˜ ì½˜íŠ¸ë¼ìŠ¤íŠ¸ ë°©ë²•ì„ ì°¾ì.,hatershatesAREA,ì—ë¦¬ì–´,17,"<a href=""http://twitter.com/download/android"" rel=""nofollow"">Twitter for Android</a>",your_sql,nyan
"RT @hatershatesAREA: 3) ì˜ˆë¥¼ ë“¤ì–´, ì–´ë–¤ materialì„ ë””ìì¸í• ë•Œ, ìƒê¹€ìƒˆëŠ” ë˜‘ê°™ì€ materialì´ë‚˜, ì„œë¡œ ë‹¤ë¥¸ ê¸°ëŠ¥ì„ í•˜ë©´ ìƒ‰ì„ ë‹¤ë¥´ê²Œ ì£¼ëŠ” ê²½ìš°ê°€ ë§ì€ë°, ì´ë•Œ í…ìŠ¤ì³ë‚˜ íŒ¨í„´ë“±ì„ ì´ìš©í•˜ë©´ ì¸ì§€í•˜ëŠ”ë° í° ë„ì›€ì„ ì¤„ ìˆ˜ ìˆâ€¦",823607267312300032,0,"3) ì˜ˆë¥¼ ë“¤ì–´, ì–´ë–¤ materialì„ ë””ìì¸í• ë•Œ, ìƒê¹€ìƒˆëŠ” ë˜‘ê°™ì€ materialì´ë‚˜, ì„œë¡œ ë‹¤ë¥¸ ê¸°ëŠ¥ì„ í•˜ë©´ ìƒ‰ì„ ë‹¤ë¥´ê²Œ ì£¼ëŠ” ê²½ìš°ê°€ ë§ì€ë°, ì´ë•Œ í…ìŠ¤ì³ë‚˜ íŒ¨í„´ë“±ì„ ì´ìš©í•˜ë©´ ì¸ì§€í•˜ëŠ”ë° í° ë„ì›€ì„ ì¤„ ìˆ˜ ìˆë‹¤.",hatershatesAREA,ì—ë¦¬ì–´,20,"<a href=""http://twitter.com/download/android"" rel=""nofollow"">Twitter for Android</a>",your_sql,nyan
"RT @hatershatesAREA: 2) ë””ìì¸ì— ë“¤ì–´ê°€ëŠ”, ë² ì´ìŠ¤ê°€ ë˜ëŠ” ì»¬ëŸ¬ íŒ”ë ˆíŠ¸ì˜ ìˆ˜ë¥¼ ì¤„ì—¬ë¼. ë””ìì¸ì— ìƒ‰ì´ ì ì„ìˆ˜ë¡, ìƒ‰ì•½/ìƒ‰ë§¹ë„ ì‰½ê²Œ ì ‘ê·¼í•  ìˆ˜ ìˆë‹¤.",823607253081067520,0,"2) ë””ìì¸ì— ë“¤ì–´ê°€ëŠ”, ë² ì´ìŠ¤ê°€ ë˜ëŠ” ì»¬ëŸ¬ íŒ”ë ˆíŠ¸ì˜ ìˆ˜ë¥¼ ì¤„ì—¬ë¼. ë””ìì¸ì— ìƒ‰ì´ ì ì„ìˆ˜ë¡, ìƒ‰ì•½/ìƒ‰ë§¹ë„ ì‰½ê²Œ ì ‘ê·¼í•  ìˆ˜ ìˆë‹¤.",hatershatesAREA,ì—ë¦¬ì–´,25,"<a href=""http://twitter.com/download/android"" rel=""nofollow"">Twitter for Android</a>",your_sql,nyan
RT @lesjoiesducode: Quand le stagiaire lance avec succÃ¨s une vieille requÃªte SQL qui n'est pas censÃ©e marcher https://t.co/hlYwwQFLir #lesjâ€¦,823607121623257088,0,Quand le stagiaire lance avec succÃ¨s une vieille requÃªte SQL qui n'est pas censÃ©e marcher https://t.co/hlYwwQFLirâ€¦ https://t.co/YQXGsxHnlc,lesjoiesducode,Les joies du code ğŸ’»,11,"<a href=""http://twitter.com/download/android"" rel=""nofollow"">Twitter for Android</a>",ls_coh_pro,Louis Dynamite
Power SQL-Server: Technology research on Customer Relationship Management (CRM) and sales forceâ€¦â€¦ https://t.co/dWzYxqNcqq,823607020020322304,0,,,,0,"<a href=""https://dlvrit.com/"" rel=""nofollow"">dlvr.it</a>",LoyaltyManagers,Loyalty Managers
"RT @hatershatesAREA: &lt;ìƒ‰ì•½/ìƒ‰ë§¹ì„ ìœ„í•œ ë””ìì¸ í•˜ëŠ” ë°©ë²•&gt;
1) ì»¬ëŸ¬ì™€ ì‹¬ë³¼ ëª¨ë‘ ì‚¬ìš©í•˜ê¸°.
2) ì»¬ëŸ¬ íŒ”ë ˆíŠ¸ ìµœì†Œí™” ì‹œí‚¤ê¸°.
3) íŒ¨í„´ê³¼ í…ìŠ¤ì³ë¥¼ ì´ìš©í•˜ì—¬ ëŒ€ë¹„ì£¼ê¸°.
4) ì»¬ëŸ¬ ì½˜íŠ¸ë¼ìŠ¤íŒ…
**5) ì•ˆì¢‹ì€ ì»¬ëŸ¬ ì½¤ë¹„ë„¤ì´ì…˜ì„ í”¼í•˜ê¸°â€¦",823606989389381632,0,"&lt;ìƒ‰ì•½/ìƒ‰ë§¹ì„ ìœ„í•œ ë””ìì¸ í•˜ëŠ” ë°©ë²•&gt;
1) ì»¬ëŸ¬ì™€ ì‹¬ë³¼ ëª¨ë‘ ì‚¬ìš©í•˜ê¸°.
2) ì»¬ëŸ¬ íŒ”ë ˆíŠ¸ ìµœì†Œí™” ì‹œí‚¤ê¸°.
3) íŒ¨í„´ê³¼ í…ìŠ¤ì³ë¥¼ ì´ìš©í•˜ì—¬ ëŒ€ë¹„ì£¼ê¸°.
4) ì»¬ëŸ¬ ì½˜íŠ¸ë¼ìŠ¤íŒ…
**5) ì•ˆì¢‹ì€ ì»¬ëŸ¬ ì½¤ë¹„ë„¤ì´ì…˜ì„ í”¼í•˜ê¸° **",hatershatesAREA,ì—ë¦¬ì–´,81,"<a href=""http://twitter.com/download/android"" rel=""nofollow"">Twitter for Android</a>",your_sql,nyan
RT @hh_finance_jobs: #Hiring for Big Data Evangelist Required #FinanceJobs #support #projects #hadoop #sql #career | Apply Now https://t.coâ€¦,823606866697555968,0,#Hiring for Big Data Evangelist Required #FinanceJobs #support #projects #hadoop #sql #career | Apply Now https://t.co/CIZ8l8EDw5,hh_finance_jobs,Finance Jobs | HH,1,"<a href=""http://www.simbasystems.com"" rel=""nofollow"">NoSQLDigest</a>",NoSQLDigest,NoSQL
SQL Server named DBMS of the Year by DB-Engines https://t.co/bsAglISo0s,823606682026737664,0,,,,0,"<a href=""http://ifttt.com"" rel=""nofollow"">IFTTT</a>",pensator_sp,Cesar Prado
"RT @SaschaDittmann: 15 #SQLServer Performance Counters to Monitor

https://t.co/Pb7SHbd27m https://t.co/h9qnSQS098",823606678604148739,0,"15 #SQLServer Performance Counters to Monitor

https://t.co/Pb7SHbd27m https://t.co/h9qnSQS098",SaschaDittmann,Sascha Dittmann,1,"<a href=""https://about.twitter.com/products/tweetdeck"" rel=""nofollow"">TweetDeck</a>",brase,Sebastian Brandt
"PHP Developer / Javascript / JQuery / MS SQL / SQL Developer / HTML5 Preston, Lancashire https://t.co/YllJMno1Vl #PHP #jobs",823606629350383616,0,,,,0,"<a href=""http://programming.jobfeeds.info"" rel=""nofollow"">twitter feeds for p.jf</a>",coding_jobfeeds,programming.jobfeeds
"Feed that brain! Free eBooks: SQL, cloud computing, security, enterprise storage, &amp; more: https://t.co/EsFk9X3rIl https://t.co/b1eGpLWU2a",823606602821496832,0,,,,0,"<a href=""http://app.sociabble.com"" rel=""nofollow"">SociabbleApp</a>",mattholzmann,Matt Holzmann
"PHP Developer / Javascript / JQuery / MS SQL / SQL Developer / HTML5 Preston, Hertfordshire https://t.co/9kGn0dY18G #PHP #jobs",823606582151905280,0,,,,0,"<a href=""http://programming.jobfeeds.info"" rel=""nofollow"">twitter feeds for p.jf</a>",coding_jobfeeds,programming.jobfeeds
"Sr. Access Developer â€“ Access â€“ Excel â€“ VBA â€“ SQL - Investment Mgt. - Boston, MA Area â€“ $$ Open

https://t.co/7ZmIWHeVcq",823606504645332992,0,,,,0,"<a href=""http://twitter.com"" rel=""nofollow"">Twitter Web Client</a>",NEHighTechJobs,Gary Wright
RT @Graffitirecruit: New Job Alert #telford #shropshire #developer #fullstack #SQL #C# Apply Now https://t.co/KwxLY1VSN7 #jobs #Jobsintelfoâ€¦,823606458382221312,0,New Job Alert #telford #shropshire #developer #fullstack #SQL #C# Apply Now https://t.co/KwxLY1VSN7 #jobsâ€¦ https://t.co/R41rcFC3wQ,Graffitirecruit,Graffiti Recruitment,2,"<a href=""http://twitter.com/download/android"" rel=""nofollow"">Twitter for Android</a>",EasyLettingsTel,Markus
#empleo #IT ANALISTA  PROGRAMADOR   PL/SQL - Madrid https://t.co/12MyC8jsoe,823606450366873603,0,,,,0,"<a href=""http://www.infojobs.net"" rel=""nofollow"">IJInformatico</a>",IJInformatico,InfoJobs InformÃ¡tica
"Join this thought-provoking webinar and learn how the HR team overcame analytic hurdles with Excel and SQL, and devâ€¦ https://t.co/3VKhngxc31",823606294292463617,0,,,,0,"<a href=""https://www.lithium.com"" rel=""nofollow"">Lithium Tech.</a>",alteryx,Alteryx
"SELECT *         
  FROM roads          
 ORDER BY roads_name DESC;",823606271228125185,0,,,,0,"<a href=""https://twitter.com"" rel=""nofollow"">amarriner Auto Tweeter</a>",SQL_Bot,SQL Bot
"RT @DaveLeininger: Oracle, SQL Server, MySQL, MongoDB, HBase are well known. Did you know that there are over 300 (!) database engines? httâ€¦",823606267616710656,0,"Oracle, SQL Server, MySQL, MongoDB, HBase are well known. Did you know that there are over 300 (!) database engines? https://t.co/r5fY5drUHp",DaveLeininger,Dave Leininger,2,"<a href=""http://www.simbasystems.com"" rel=""nofollow"">NoSQLDigest</a>",NoSQLDigest,NoSQL
Cursos de CapacitaciÃ³n de Aplicaciones con SQL SERVER - Nivel BÃ¡sico https://t.co/y0tW4tPHLv,823606030147977217,0,,,,0,"<a href=""http://twitter.com"" rel=""nofollow"">Twitter Web Client</a>",cap_segic,segic usach
"@kev_bite @dddsouthwest @MongoDB @SQLServer No bad points about SQL, i think SQL is great, and Postgres is by far IMHO the best db out there",823605871200636929,0,,,,0,"<a href=""http://twitter.com"" rel=""nofollow"">Twitter Web Client</a>",shawty_ds,Peter Shaw
"@eric_opines Do you want SQL, or some other kind of data store? What kind of data do you want to store, and how do you want to query it?",823605826635997186,0,,,,0,"<a href=""http://twitter.com"" rel=""nofollow"">Twitter Web Client</a>",josh_triplett,Josh Triplett
Technology research on Customer Relationship Management (CRM) and sales force automation software and solutions. https://t.co/HNr2ayS2al,823605736903233540,0,,,,0,"<a href=""http://bufferapp.com"" rel=""nofollow"">Buffer</a>",sql_erp_crm,Power SQL-Server
"SQL DBA!  Check out this job from LRSolutions, LLC https://t.co/5w5o0niFrb",823605591889342464,0,,,,0,"<a href=""http://twitter.com"" rel=""nofollow"">Twitter Web Client</a>",LindaGutekunst,Linda Gutekunst
"@Edo_Shigeru maaf, mainan saya CSS, java script, C++, PHP sama my SqL, kalo PS sich setahu sy mainan bocah ingusan ma cabe2ab...ahahahhaahah",823605590513418240,0,,,,0,"<a href=""http://twitter.com/download/android"" rel=""nofollow"">Twitter for Android</a>",Suaraliet,ğŸŒˆSemil!r_4nginâ˜”
"SQL DBA-Cleveland, OH.  Email Linda@LRSolutions.net https://t.co/ZcgDNg2qvr",823605522838548481,0,,,,0,"<a href=""http://www.linkedin.com/"" rel=""nofollow"">LinkedIn</a>",LindaGutekunst,Linda Gutekunst
@shawty_ds @jasonzuketo @dddsouthwest @MongoDB @SQLServer I meant against sql,823605520204492802,0,,,,0,"<a href=""http://twitter.com/download/android"" rel=""nofollow"">Twitter for Android</a>",kev_bite,Kev ğŸ’«
"PL/SQL Developer - SEI - Oaks, PA - https://t.co/IHWex0WX8q",823605410565328896,0,,,,0,"<a href=""http://www.codango.com"" rel=""nofollow"">Codango.Com</a>",Codango,Codango
#Microsoft 's #Linux love-in continues with #SUSE support in #SQL Server â€¢ The Register https://t.co/535C2dLiFu,823605318550691842,0,,,,0,"<a href=""http://manageflitter.com"" rel=""nofollow"">ManageFlitter</a>",az_sum,Boris Loukanov
RT @RIORAO: SQLã‚¤ãƒ³ã‚¸ã‚§ã‚¯ã‚·ãƒ§ãƒ³ã§ãƒ‡ãƒ¼ã‚¿ãƒ™ãƒ¼ã‚¹ã«å‘Šç™½æ–‡ã‚’æŒ¿å…¥ã—ã¦å‘Šç™½ã‚’è©¦ã¿ã‚‹ãŒã€ãƒ‡ãƒ¼ã‚¿ãƒ™ãƒ¼ã‚¹ã®ãƒã‚°ã®ã›ã„ã§æƒ³ã„ãŒå±Šã‹ãªã‹ã£ãŸãƒãƒƒã‚«ãƒ¼ãã‚“ #æ“¬ç«œåŒ– https://t.co/WrhonULbEf,823605052640137216,0,SQLã‚¤ãƒ³ã‚¸ã‚§ã‚¯ã‚·ãƒ§ãƒ³ã§ãƒ‡ãƒ¼ã‚¿ãƒ™ãƒ¼ã‚¹ã«å‘Šç™½æ–‡ã‚’æŒ¿å…¥ã—ã¦å‘Šç™½ã‚’è©¦ã¿ã‚‹ãŒã€ãƒ‡ãƒ¼ã‚¿ãƒ™ãƒ¼ã‚¹ã®ãƒã‚°ã®ã›ã„ã§æƒ³ã„ãŒå±Šã‹ãªã‹ã£ãŸãƒãƒƒã‚«ãƒ¼ãã‚“ #æ“¬ç«œåŒ– https://t.co/WrhonULbEf,RIORAO,RAO(ã‚‰ãŠ)@æ–°æ˜¥ã‘ã‚‚ã‚±G-20,51,"<a href=""http://twitter.com/download/android"" rel=""nofollow"">Twitter for Android</a>",Kitsuneno,ãã¤ã­ã®ï¼ foxperimental
"Software Support Engineer (SQL) - Â£35K - South Manchester,Manchester,Lancashire,GB,Â£35K,fulltime #manchesterjobs... https://t.co/m82kUdsig8",823605025326952449,0,,,,0,"<a href=""http://twibble.io"" rel=""nofollow"">Twibble.io</a>",jobsRmine,jobsRmine
RT @codinghorror: Server performance checklist: 1) its usually SQL 2) you are using SQL inefficiently 3) too much SQL 4) your ORM is shit 5â€¦,823604931567435776,0,Server performance checklist: 1) its usually SQL 2) you are using SQL inefficiently 3) too much SQL 4) your ORM is shit 5) its usually SQL,codinghorror,Jeff Atwood,437,"<a href=""http://twitter.com"" rel=""nofollow"">Twitter Web Client</a>",NSDeveloper,Mehmet KORKMAZ
"RT @CHGOTechEvents: Who's going to the #Chicago SQL - The SQL, NoSQL, &amp; NewSQL Database meetup tomorrow? Details: https://t.co/wa7dA60htI",823604895148175360,0,"Who's going to the #Chicago SQL - The SQL, NoSQL, &amp; NewSQL Database meetup tomorrow? Details: https://t.co/wa7dA60htI",CHGOTechEvents,Chicago Tech Events,1,"<a href=""http://www.simbasystems.com"" rel=""nofollow"">NoSQLDigest</a>",NoSQLDigest,NoSQL
"Can you recommend anyone for this #job? SAS/SQL Data Analyst - https://t.co/fO1GOAtWfq #TopTechJobs #BusinessMgmt #Wilmington, DE #Hiring",823604839221313537,0,,,,0,"<a href=""http://www.tweetmyjobs.com"" rel=""nofollow"">TweetMyJOBS</a>",TopTech_Jobs,TopTECHJobs
"First day back at work, straight into a new #SQL Report Writing project, so happy to get stuck in with a new #dataset ğŸ˜Š #ssrs",823604792794746880,0,,,,0,"<a href=""http://twitter.com/#!/download/ipad"" rel=""nofollow"">Twitter for iPad</a>",Crystal_Trainer,Julia Emelogu
And all of this is powered by just 2 SQL Servers! https://t.co/7ExYuFIOHv https://t.co/TaYqKpQ4cg,823604786121453568,822149402643070977,,,,0,"<a href=""http://twitter.com"" rel=""nofollow"">Twitter Web Client</a>",rimmanehme,rimma nehme
Introduction to SQL Server on SUSE Linux Enterprise Server https://t.co/vyXJZhHvQx https://t.co/9EAeme6J49,823604745554329602,0,,,,0,"<a href=""http://bufferapp.com"" rel=""nofollow"">Buffer</a>",NajiAlmahmoud,NajiAlmahmoud
RT @QuestExperts: #FeatureMonday Check out Toad Data Modeler 6.1 New Features https://t.co/Df4QX72lJc #Oracle #DBa #SQL #SAP #DB2 https://tâ€¦,823604730106671104,0,#FeatureMonday Check out Toad Data Modeler 6.1 New Features https://t.co/Df4QX72lJc #Oracle #DBa #SQL #SAP #DB2 https://t.co/hvD5wDtNkG,QuestExperts,Quest - Support,3,"<a href=""http://twitter.com/#!/download/ipad"" rel=""nofollow"">Twitter for iPad</a>",GeJeF,Geert Jan Frese
RT @NESQLServer: #TSQLTuesday #86 :  Sorting a Stacked Chart #TSQL2sday #SQLServer by @MelikaNoKaOi https://t.co/jx8PEba4kU via @SQLSentryâ€¦,823604714621300740,0,#TSQLTuesday #86 :  Sorting a Stacked Chart #TSQL2sday #SQLServer by @MelikaNoKaOi https://t.co/jx8PEba4kU viaâ€¦ https://t.co/AFQa2auZwO,NESQLServer,NE SQL Server,2,"<a href=""http://twitter.com/download/android"" rel=""nofollow"">Twitter for Android</a>",MainePASS,Maine PASS
"RT @London_TechJobs: Inside Sales Representative, Benelux @MarkLogic London, United Kingdom #Sales #NoSQL #SQL https://t.co/Fc3CctbLFi",823604689400803328,0,"Inside Sales Representative, Benelux @MarkLogic London, United Kingdom #Sales #NoSQL #SQL https://t.co/Fc3CctbLFi",London_TechJobs,LondonTechJobs,1,"<a href=""http://www.simbasystems.com"" rel=""nofollow"">NoSQLDigest</a>",NoSQLDigest,NoSQL
RT @NESQLServer: Get All of the Freebies for â€œEnd-to-End Troubleshooting Checklist for Microsoft #SQLServerâ€ https://t.co/EAYLctdujr via @kâ€¦,823604687391903745,0,Get All of the Freebies for â€œEnd-to-End Troubleshooting Checklist for Microsoft #SQLServerâ€ https://t.co/EAYLctdujr via @kekline,NESQLServer,NE SQL Server,4,"<a href=""http://twitter.com/download/android"" rel=""nofollow"">Twitter for Android</a>",MainePASS,Maine PASS
RT @aggsoc: #GreenEconomy e #GreenJobs in Italia al tempo della crisi: l'#infografica di @Oogo https://t.co/Dz2BrrtLWk https://t.co/k9wCntmâ€¦,823604675094151168,0,#GreenEconomy e #GreenJobs in Italia al tempo della crisi: l'#infografica di @Oogo https://t.co/Dz2BrrtLWk https://t.co/k9wCntmMYD,aggsoc,AggiornamentiSociali,21,"<a href=""http://twitter.com"" rel=""nofollow"">Twitter Web Client</a>",Ladynomics,Ladynomics
"RT @mvpstreams: Modulo 6: Consultas con T-SQL, Tipos de Dato en SQL Server https://t.co/hboOFT8uYu - @victhorcardenas #MVPBuzz",823604664331550720,0,"Modulo 6: Consultas con T-SQL, Tipos de Dato en SQL Server https://t.co/hboOFT8uYu - @victhorcardenas #MVPBuzz",mvpstreams,Microsoft MVP Stream,1,"<a href=""http://twitter.com/download/android"" rel=""nofollow"">Twitter for Android</a>",JosetoBenito,Jose Benitez
RT @NESQLServer: Transactional Replication from Availability Groups to #Azure SQL Database: Part 3 â€“ The Publisher https://t.co/DVAKll87Sbâ€¦,823604643561406464,0,Transactional Replication from Availability Groups to #Azure SQL Database: Part 3 â€“ The Publisherâ€¦ https://t.co/9oFtyH7v2e,NESQLServer,NE SQL Server,8,"<a href=""http://twitter.com/download/android"" rel=""nofollow"">Twitter for Android</a>",MainePASS,Maine PASS
Microsoft's Linux love-in continues with SUSE support in SQL Server https://t.co/cvtwXYTsZW,823604599055679489,0,,,,0,"<a href=""http://www.linkedin.com/"" rel=""nofollow"">LinkedIn</a>",Dan_Calvo,Daniel Calvo
That's love!! Microsoft's Linux love-in continues with SUSE support in SQL Server https://t.co/pzLviQ8ez1 vÃ­a @theregister,823604563630583809,0,,,,0,"<a href=""http://twitter.com"" rel=""nofollow"">Twitter Web Client</a>",Dan_Calvo,Daniel Calvo
@danielaabade tÃ´ recusando confusÃ£o. acabou de dar nÃ³ no cabeÃ§Ã£o por conta de SQL hahahahah,823604440137601029,0,,,,0,"<a href=""https://about.twitter.com/products/tweetdeck"" rel=""nofollow"">TweetDeck</a>",lufreitas,Lucia Freitas
@imlegolas Jajaja Lo detestas pero tienes que convivir con SQL. Es como querer a tu pareja pero odiar a la mama.,823604011056189442,0,,,,0,"<a href=""http://twitter.com"" rel=""nofollow"">Twitter Web Client</a>",LeonardoMata_B,Leonardo M.
SQL Server named DBMS of the Year by DB-Engines https://t.co/1vuTTVfxGY https://t.co/UH65PSgN7k,823603456602578944,0,,,,0,"<a href=""https://dlvrit.com/"" rel=""nofollow"">dlvr.it</a>",vinodk_sql,Vinod Kumar M (SQL)
[BLOG] SQL Server named DBMS of the Year by DB-Engines https://t.co/xEXHyPwyDU #sqlserver #MSFT https://t.co/oUbXLzeHJx,823603440978800643,0,,,,0,"<a href=""https://dlvrit.com/"" rel=""nofollow"">dlvr.it</a>",TblshootingSQL,TroubleshootingSQL
RT @nandotechinc: Possible candidate for the standup! @NancyFx File Upload API on @Azure from scratch to deployment @jongalloway @jchannonâ€¦,823603357168373761,822415136266874884,Possible candidate for the standup! @NancyFx File Upload API on @Azure from scratch to deployment @jongallowayâ€¦ https://t.co/JHFWZYpf2G,nandotechinc,Fernando Rodriguez â„,1,"<a href=""http://twitter.com"" rel=""nofollow"">Twitter Web Client</a>",arronmayers,Arron Mayers
@donasarkar the Microsoft biz talk server administration console Mmc snap in fails and sql server does not show any db's. Worked on 15007,823603316076716033,0,,,,0,"<a href=""http://twitter.com/download/iphone"" rel=""nofollow"">Twitter for iPhone</a>",tauheedul,T Ali
#Hiring for Dotnet Lead Consultant #FinanceJobs #ssis #ssrs #server #wpf #sql #silverlight #career | Apply Now https://t.co/NK6GKJuJBN,823603309164560386,0,,,,0,"<a href=""http://www.headhonchos.com"" rel=""nofollow"">hh_finance_jobs</a>",hh_finance_jobs,Finance Jobs | HH
@lumnah will look forward to your script. I have sql script that works well.,823603181133430784,0,,,,0,"<a href=""http://twitter.com"" rel=""nofollow"">Twitter Web Client</a>",pareshmotiwala,Paresh Motiwala
Raleigh #NC USA - Business Analyst / Data Analyst - ID1247 - General knowledge of SQL and Java Know... https://t.co/HTGpcS1HEb #JOB #DURHAM,823603013126410240,0,,,,0,"<a href=""http://twibble.io"" rel=""nofollow"">Twibble.io</a>",DurhamNCJobs1,Durham NC Jobs
https://t.co/dc7Cux0OII #azurejp SQL Server named DBMS of the Year by DB-Engines,823602919719190528,0,,,,0,"<a href=""http://ifttt.com"" rel=""nofollow"">IFTTT</a>",satonaoki,SATO Naoki / ã•ã¨ã†ãªãŠã
SQL Server named DBMS of the Year by DB-Engines https://t.co/2nNqdSGHY2,823602779235188737,0,,,,0,"<a href=""http://ifttt.com"" rel=""nofollow"">IFTTT</a>",pensator_sp,Cesar Prado
SQL Server named DBMS of the Year by DB-Engines https://t.co/wx9kruJazp @MESANETWORK https://t.co/A4VfzneHSz,823602758745894912,0,,,,0,"<a href=""https://dlvrit.com/"" rel=""nofollow"">dlvr.it</a>",alegaudino,Alessandro Gaudino
"RT @janehendry17: See how small companies can use @BigData !!  https://t.co/oyAX8sBMAg 
#Futureofdata #Opensource  #Spark #Apache #MachineLâ€¦",823602752408449024,0,"See how small companies can use @BigData !!  https://t.co/oyAX8sBMAg 
#Futureofdata #Opensource  #Spark #Apache #MachineLearning #SQL",janehendry17,Jane Hendry,3,"<a href=""http://twitter.com"" rel=""nofollow"">Twitter Web Client</a>",PaaSDev,Tim Spann
#empleo Desarrollador .NET C# https://t.co/SNrh9wy2Gr,823602592857096192,0,,,,0,"<a href=""http://www.botize.com"" rel=""nofollow"">Botize</a>",EmpleoOfertas,Ofertas de Empleo
"@lukaseder You should run a poll one day asking this: ""Do you understand the complex SQL queries I use in my SO answers?"" Yes/No :D",823602538184314882,0,,,,0,"<a href=""http://twitter.com"" rel=""nofollow"">Twitter Web Client</a>",vlad_mihalcea,Vlad Mihalcea
#Hiring for Systems Development Sr. Specialist - Asp #FinanceJobs #sql #server #maintenance #career | Apply Now https://t.co/FVVc3MXDFv,823602451693633536,0,,,,0,"<a href=""http://www.headhonchos.com"" rel=""nofollow"">hh_finance_jobs</a>",hh_finance_jobs,Finance Jobs | HH
#SQL: If there is No match on condition (row in table) return a default value and Rows which match from different â€¦ https://t.co/VZJ6tfZoC1,823602082066395136,0,,,,0,"<a href=""http://ifttt.com"" rel=""nofollow"">IFTTT</a>",UriSamuels,Marlon Samuels
#SQL: If there is No match on condition (row in table) return a default value and Rows which match from different â€¦ https://t.co/VN7VVx07kZ,823602051942875136,0,,,,0,"<a href=""http://ifttt.com"" rel=""nofollow"">IFTTT</a>",AdamSmitht1,Daily Tech Issues
Check Case-Sensitivity in SQL Server- Check Case-Sensitivity in S https://t.co/g0T6KvxKsM,823602048772042753,0,,,,0,"<a href=""http://onlywire.com/"" rel=""nofollow"">OnlyWire / Official App</a>",articlemirror,articlemirror
SQL Server named DBMS of the Year by DB-Engines https://t.co/cBiQNjHn5H @MESANETWORK https://t.co/YisltxQpOA,823602005486600192,0,,,,0,"<a href=""https://dlvrit.com/"" rel=""nofollow"">dlvr.it</a>",alegaudino,Alessandro Gaudino
"Programmer VB SQL Acess - TOTALPRIMA SOLUTION INTEGRASINDO, PT https://t.co/afvnoOgMiD #loker_IT",823601988185260032,0,,,,0,"<a href=""http://www.google.com/"" rel=""nofollow"">Google</a>",lokertweet,LokerTweet
RT @danielgullo: T-SQL Script to find the CD key from Registry  https://t.co/szdI7VBjkT,823601871533342721,0,T-SQL Script to find the CD key from Registry  https://t.co/szdI7VBjkT,danielgullo,Daniel James Gullo,1,"<a href=""https://roundteam.co"" rel=""nofollow"">RoundTeam</a>",TimothyAlex,Timothy Alexander
#Hiring for Senior Java Developer #FinanceJobs #java-j2ee #2ee #j2ee #bfs #sql #spring #career | Apply Now https://t.co/Rq5iVhy76d,823601794903371777,0,,,,0,"<a href=""http://www.headhonchos.com"" rel=""nofollow"">hh_finance_jobs</a>",hh_finance_jobs,Finance Jobs | HH
RT @YavuzFilizlibay: Database of the year 2016'nÄ±n sahibi Sql Server 2016 oldu https://t.co/88luGuSeyP https://t.co/cboabRZ0Ek,823601743091105792,0,Database of the year 2016'nÄ±n sahibi Sql Server 2016 oldu https://t.co/88luGuSeyP https://t.co/cboabRZ0Ek,YavuzFilizlibay,Yavuz Filizlibay,1,"<a href=""http://twitter.com/download/android"" rel=""nofollow"">Twitter for Android</a>",oncul_murat,Murat Ã–ncÃ¼l
RT @dragosr: DNS data exfiltration from sql injection https://t.co/1nQINr2lDi,823601580616404999,0,DNS data exfiltration from sql injection https://t.co/1nQINr2lDi,dragosr,dragosr,28,"<a href=""http://twitter.com/download/android"" rel=""nofollow"">Twitter for Android</a>",Xsimpa,Xsimpa
